rank,discipline,phd,service,sex,salary
Prof,B,56,49.0,Male,186960.0
Prof,A,12,6.0,Male,93000.0
Prof,A,23,20.0,Male,
Prof,A,40,31.0,Male,131205.0
Prof,B,20,18.0,Male,104800.0
Prof,A,20,,Male,122400.0
AssocProf,A,20,17.0,Male,81285.0
Prof,A,18,18.0,Male,126300.0
Prof,A,29,19.0,Male,94350.0
Prof,A,51,51.0,Male,57800.0
Prof,B,39,,Male,
Prof,B,23,23.0,Male,134778.0
AsstProf,B,1,0.0,Male,88000.0
Prof,B,35,33.0,Male,162200.0
Prof,B,25,19.0,Male,153750.0
Prof,B,17,3.0,Male,150480.0
AsstProf,B,8,3.0,Male,75044.0
AsstProf,B,4,0.0,Male,92000.0
Prof,A,19,7.0,Male,107300.0
Prof,A,29,27.0,Male,150500.0
AsstProf,B,4,4.0,Male,
Prof,A,33,30.0,Male,103106.0
AsstProf,A,4,2.0,Male,73000.0
AsstProf,A,2,0.0,Male,85000.0
Prof,A,30,23.0,Male,91100.0
Prof,B,35,31.0,Male,99418.0
Prof,A,38,19.0,Male,148750.0
Prof,A,45,43.0,Male,155865.0
AsstProf,B,7,2.0,Male,91300.0
Prof,B,21,20.0,Male,123683.0
AssocProf,B,9,7.0,Male,107008.0
Prof,B,22,21.0,Male,155750.0
Prof,A,27,19.0,Male,103275.0
Prof,B,18,18.0,Male,120000.0
AssocProf,B,12,8.0,Male,119800.0
Prof,B,28,23.0,Male,126933.0
Prof,B,45,45.0,Male,146856.0
Prof,A,20,8.0,Male,102000.0
AsstProf,B,4,3.0,Male,91000.0
Prof,B,18,18.0,Female,129000.0
Prof,A,39,36.0,Female,137000.0
AssocProf,A,13,8.0,Female,74830.0
AsstProf,B,4,2.0,Female,80225.0
AsstProf,B,5,0.0,Female,77000.0
Prof,B,23,19.0,Female,151768.0
Prof,B,25,25.0,Female,140096.0
AsstProf,B,11,3.0,Female,74692.0
AssocProf,B,11,11.0,Female,103613.0
Prof,B,17,17.0,Female,111512.0
Prof,B,17,18.0,Female,122960.0
AsstProf,B,10,5.0,Female,97032.0
Prof,B,20,14.0,Female,127512.0
Prof,A,12,0.0,Female,105000.0
AsstProf,A,5,3.0,Female,73500.0
AssocProf,A,25,22.0,Female,62884.0
AsstProf,A,2,0.0,Female,72500.0
AssocProf,A,10,8.0,Female,77500.0
AsstProf,A,3,1.0,Female,72500.0
Prof,B,36,26.0,Female,144651.0
AssocProf,B,12,10.0,Female,103994.0
AsstProf,B,3,3.0,Female,92000.0
AssocProf,B,13,10.0,Female,103750.0
AssocProf,B,14,7.0,Female,109650.0
Prof,A,29,27.0,Female,91000.0
AssocProf,A,26,24.0,Female,73300.0
Prof,A,36,19.0,Female,117555.0
AsstProf,A,7,6.0,Female,63100.0
Prof,A,17,11.0,Female,90450.0
AsstProf,A,4,2.0,Female,77500.0
Prof,A,28,7.0,Female,116450.0
AsstProf,A,8,3.0,Female,78500.0
AssocProf,B,12,9.0,Female,71065.0
Prof,B,24,15.0,Female,161101.0
Prof,B,18,10.0,Female,105450.0
AssocProf,B,19,6.0,Female,104542.0
Prof,B,17,17.0,Female,124312.0
Prof,A,28,14.0,Female,109954.0
Prof,A,23,15.0,Female,109646.0
